repetition,binding_affinity,accuracy
0,0.7229674466523083,0.8972138009695755
