repetition,binding_affinity,accuracy
0,0.8256723491085887,0.2368105065960997
