repetition,binding_affinity,accuracy
0,0.638534728974208,0.8972138009695755
