repetition,binding_affinity,accuracy
0,0.7168484106151904,0.8079407897364937
