repetition,binding_affinity,accuracy
0,0.7288227910106234,0.8079407897364937
