repetition,binding_affinity,accuracy
0,0.8065204601056707,0.2697867137638703
