repetition,binding_affinity,accuracy
0,0.8151269294538044,0.9504636963259353
