repetition,binding_affinity,accuracy
0,0.7407530422743155,0.8972138009695755
