repetition,binding_affinity,accuracy
0,0.6438003481415427,0.2984911434141233
