repetition,binding_affinity,accuracy
0,0.7439628725027111,0.2697867137638703
