repetition,binding_affinity,accuracy
0,0.6798113735781534,0.8079407897364937
