repetition,binding_affinity,accuracy
0,0.7074850608827561,0.9872768433379255
