repetition,binding_affinity,accuracy
0,0.6211397634556645,0.9872768433379255
