repetition,binding_affinity,accuracy
0,0.8116833890667313,0.8972138009695755
