repetition,binding_affinity,accuracy
0,0.710064363627645,0.2368105065960997
