repetition,binding_affinity,accuracy
0,0.6397797296515672,0.2697867137638703
