repetition,binding_affinity,accuracy
0,0.6816268030539644,0.28681720908755537
