repetition,binding_affinity,accuracy
0,0.8107811117347434,0.2697867137638703
