repetition,binding_affinity,accuracy
0,0.6436674821322881,0.9504636963259353
