repetition,binding_affinity,accuracy
0,0.8277970540106856,0.2368105065960997
