repetition,binding_affinity,accuracy
0,0.6779874617747359,0.28681720908755537
