repetition,binding_affinity,accuracy
0,0.6419782693612811,0.9504636963259353
