repetition,binding_affinity,accuracy
0,0.8135616213510919,0.2984911434141233
