repetition,binding_affinity,accuracy
0,0.7303241937370409,0.5113275528143616
