repetition,binding_affinity,accuracy
0,0.7972438436422024,0.8079407897364937
