repetition,binding_affinity,accuracy
0,0.7223099337898813,0.2697867137638703
