repetition,binding_affinity,accuracy
0,0.7064250223484165,0.2368105065960997
