repetition,binding_affinity,accuracy
0,0.7900051988118649,0.9872768433379255
