repetition,binding_affinity,accuracy
0,0.6524409718684749,0.34327086981333843
