repetition,binding_affinity,accuracy
0,0.6572512964770097,0.2368105065960997
