repetition,binding_affinity,accuracy
0,0.7233580767557719,0.9872768433379255
