repetition,binding_affinity,accuracy
0,0.7445961041097126,0.2984911434141233
