repetition,binding_affinity,accuracy
0,0.797234788534908,0.28681720908755537
