repetition,binding_affinity,accuracy
0,0.7433643363325854,0.2368105065960997
