repetition,binding_affinity,accuracy
0,0.6813127763045709,0.5113275528143616
