repetition,binding_affinity,accuracy
0,0.7082398790445397,0.2368105065960997
