repetition,binding_affinity,accuracy
0,0.6965469886794322,0.34327086981333843
