repetition,binding_affinity,accuracy
0,0.6421021740295756,0.2984911434141233
