repetition,binding_affinity,accuracy
0,0.7402979471838057,0.9504636963259353
