repetition,binding_affinity,accuracy
0,0.7164372335926166,0.5113275528143616
