repetition,binding_affinity,accuracy
0,0.8114143433417449,0.2984911434141233
