repetition,binding_affinity,accuracy
0,0.6490535849855008,0.34327086981333843
