repetition,binding_affinity,accuracy
0,0.7572512964770097,0.2368105065960997
