repetition,binding_affinity,accuracy
0,0.7387985812169521,0.8972138009695755
