repetition,binding_affinity,accuracy
0,0.733486302663601,0.34327086981333843
