repetition,binding_affinity,accuracy
0,0.7094077869434132,0.9872768433379255
