repetition,binding_affinity,accuracy
0,0.718349813341608,0.5113275528143616
