repetition,binding_affinity,accuracy
0,0.6896674739473679,0.8972138009695755
