repetition,binding_affinity,accuracy
0,0.6228289762266714,0.9872768433379255
