repetition,binding_affinity,accuracy
0,0.7149267757589047,0.28681720908755537
