repetition,binding_affinity,accuracy
0,0.7441965826613886,0.9504636963259353
