repetition,binding_affinity,accuracy
0,0.633890500071073,0.8079407897364937
