repetition,binding_affinity,accuracy
0,0.7473732628080254,0.34327086981333843
