repetition,binding_affinity,accuracy
0,0.7187711366758476,0.8079407897364937
