repetition,binding_affinity,accuracy
0,0.742717871825352,0.8972138009695755
