repetition,binding_affinity,accuracy
0,0.714935830866199,0.8079407897364937
