repetition,binding_affinity,accuracy
0,0.6338814449637786,0.28681720908755537
