repetition,binding_affinity,accuracy
0,0.7202725394022651,0.5113275528143616
