repetition,binding_affinity,accuracy
0,0.7368544067967326,0.8972138009695755
