repetition,binding_affinity,accuracy
0,0.7187620815685533,0.28681720908755537
