repetition,binding_affinity,accuracy
0,0.6507427977565078,0.34327086981333843
