repetition,binding_affinity,accuracy
0,0.6288227910106234,0.8079407897364937
