repetition,binding_affinity,accuracy
0,0.7512718982856083,0.34327086981333843
