repetition,binding_affinity,accuracy
0,0.8036427181733278,0.28681720908755537
