repetition,binding_affinity,accuracy
0,0.6831372608876762,0.5113275528143616
