repetition,binding_affinity,accuracy
0,0.7380994074740918,0.2697867137638703
