repetition,binding_affinity,accuracy
0,0.8086451650077676,0.2697867137638703
