repetition,binding_affinity,accuracy
0,0.7214036156984085,0.9872768433379255
