repetition,binding_affinity,accuracy
0,0.8129796514444574,0.9504636963259353
