repetition,binding_affinity,accuracy
0,0.6589316186544851,0.2368105065960997
