repetition,binding_affinity,accuracy
0,0.7055724811337647,0.9872768433379255
