repetition,binding_affinity,accuracy
0,0.6404129612585686,0.2984911434141233
