repetition,binding_affinity,accuracy
0,0.7419980429516746,0.2697867137638703
