repetition,binding_affinity,accuracy
0,0.7327214264882063,0.8079407897364937
