repetition,binding_affinity,accuracy
0,0.6776926147896726,0.5113275528143616
