repetition,binding_affinity,accuracy
0,0.7422421216040251,0.9504636963259353
