repetition,binding_affinity,accuracy
0,0.7248800264012997,0.8972138009695755
