repetition,binding_affinity,accuracy
0,0.7993685485442993,0.8079407897364937
