repetition,binding_affinity,accuracy
0,0.7145347200528305,0.5113275528143616
