repetition,binding_affinity,accuracy
0,0.7493174372282448,0.34327086981333843
