repetition,binding_affinity,accuracy
0,0.7387326390810932,0.2984911434141233
