repetition,binding_affinity,accuracy
0,0.6761821569559607,0.28681720908755537
