repetition,binding_affinity,accuracy
0,0.7168393555078961,0.28681720908755537
