repetition,binding_affinity,accuracy
0,0.799359493437005,0.28681720908755537
