repetition,binding_affinity,accuracy
0,0.6897212216486232,0.2984911434141233
