repetition,binding_affinity,accuracy
0,0.640223941745215,0.8972138009695755
