repetition,binding_affinity,accuracy
0,0.7426312745586761,0.2984911434141233
