repetition,binding_affinity,accuracy
0,0.6879063649525,0.2984911434141233
