repetition,binding_affinity,accuracy
0,0.7327123713809119,0.28681720908755537
