repetition,binding_affinity,accuracy
0,0.6453656562442552,0.9504636963259353
