repetition,binding_affinity,accuracy
0,0.6321832708518115,0.28681720908755537
