repetition,binding_affinity,accuracy
0,0.7264109870393813,0.9504636963259353
