repetition,binding_affinity,accuracy
0,0.7471996421422339,0.2368105065960997
