repetition,binding_affinity,accuracy
0,0.7046197175296414,0.2368105065960997
