repetition,binding_affinity,accuracy
0,0.7452769160815768,0.2368105065960997
