repetition,binding_affinity,accuracy
0,0.7315837891238149,0.34327086981333843
