repetition,binding_affinity,accuracy
0,0.6794979196084477,0.5113275528143616
