repetition,binding_affinity,accuracy
0,0.6854678285267234,0.2697867137638703
