repetition,binding_affinity,accuracy
0,0.7346862560392428,0.8079407897364937
