repetition,binding_affinity,accuracy
0,0.6245271503386386,0.9872768433379255
