repetition,binding_affinity,accuracy
0,0.7342228292146238,0.5113275528143616
