repetition,binding_affinity,accuracy
0,0.7591954708972292,0.2368105065960997
