repetition,binding_affinity,accuracy
0,0.7210649331125222,0.8972138009695755
