repetition,binding_affinity,accuracy
0,0.7406768135013126,0.2984911434141233
