repetition,binding_affinity,accuracy
0,0.6872731333454986,0.2697867137638703
