repetition,binding_affinity,accuracy
0,0.8222022450780241,0.34327086981333843
