repetition,binding_affinity,accuracy
0,0.690912474624727,0.2697867137638703
