repetition,binding_affinity,accuracy
0,0.7248456789366688,0.2984911434141233
