repetition,binding_affinity,accuracy
0,0.6321923259591058,0.8079407897364937
