repetition,binding_affinity,accuracy
0,0.7242124473296674,0.2697867137638703
