repetition,binding_affinity,accuracy
0,0.6402979471838057,0.9504636963259353
