repetition,binding_affinity,accuracy
0,0.6387326390810932,0.2984911434141233
