repetition,binding_affinity,accuracy
0,0.8036517732806221,0.8079407897364937
