repetition,binding_affinity,accuracy
0,0.6304940580808045,0.28681720908755537
