repetition,binding_affinity,accuracy
0,0.8095361110573843,0.8972138009695755
