repetition,binding_affinity,accuracy
0,0.6380994074740918,0.2697867137638703
