repetition,binding_affinity,accuracy
0,0.8071536917126721,0.2984911434141233
