repetition,binding_affinity,accuracy
0,0.694741683860657,0.34327086981333843
