repetition,binding_affinity,accuracy
0,0.8030058979976926,0.5113275528143616
