repetition,binding_affinity,accuracy
0,0.7373216084732496,0.34327086981333843
