repetition,binding_affinity,accuracy
0,0.6288137359033291,0.28681720908755537
