repetition,binding_affinity,accuracy
0,0.6912865297513356,0.9504636963259353
