repetition,binding_affinity,accuracy
0,0.630324193737041,0.5113275528143616
