repetition,binding_affinity,accuracy
0,0.8092783966147691,0.2984911434141233
