repetition,binding_affinity,accuracy
0,0.6336937286855233,0.5113275528143616
