repetition,binding_affinity,accuracy
0,0.670448023845719,0.9872768433379255
