repetition,binding_affinity,accuracy
0,0.8108437047174816,0.9504636963259353
