repetition,binding_affinity,accuracy
0,0.6414689424225741,0.2697867137638703
