repetition,binding_affinity,accuracy
0,0.7361876587656603,0.5113275528143616
