repetition,binding_affinity,accuracy
0,0.7302462928490299,0.9504636963259353
