repetition,binding_affinity,accuracy
0,0.6623190055374593,0.2368105065960997
