repetition,binding_affinity,accuracy
0,0.6431671165345413,0.2697867137638703
