repetition,binding_affinity,accuracy
0,0.693111014334441,0.9504636963259353
