repetition,binding_affinity,accuracy
0,0.6860281326681394,0.8972138009695755
