repetition,binding_affinity,accuracy
0,0.7346772009319484,0.28681720908755537
