repetition,binding_affinity,accuracy
0,0.7268027524619568,0.8972138009695755
