repetition,binding_affinity,accuracy
0,0.676191212063255,0.8079407897364937
