repetition,binding_affinity,accuracy
0,0.8129283897440904,0.2697867137638703
