repetition,binding_affinity,accuracy
0,0.7280477531393159,0.2697867137638703
