repetition,binding_affinity,accuracy
0,0.6368544067967327,0.8972138009695755
