repetition,binding_affinity,accuracy
0,0.7532367278366447,0.34327086981333843
