repetition,binding_affinity,accuracy
0,0.7414618227927993,0.2368105065960997
