repetition,binding_affinity,accuracy
0,0.7307669654308429,0.8079407897364937
