repetition,binding_affinity,accuracy
0,0.7267582586856602,0.2984911434141233
