repetition,binding_affinity,accuracy
0,0.679802318470859,0.28681720908755537
