repetition,binding_affinity,accuracy
0,0.6915457062317285,0.2984911434141233
