repetition,binding_affinity,accuracy
0,0.6419221158571822,0.8972138009695755
