repetition,binding_affinity,accuracy
0,0.6722725084288244,0.9872768433379255
