repetition,binding_affinity,accuracy
0,0.7001863299586607,0.34327086981333843
