repetition,binding_affinity,accuracy
0,0.6668278623308207,0.9872768433379255
