repetition,binding_affinity,accuracy
0,0.713033317326413,0.8079407897364937
