repetition,binding_affinity,accuracy
0,0.6194594412781891,0.9872768433379255
