repetition,binding_affinity,accuracy
0,0.746161412212425,0.9504636963259353
