repetition,binding_affinity,accuracy
0,0.7286809847463174,0.2984911434141233
