repetition,binding_affinity,accuracy
0,0.8087189998153846,0.9504636963259353
