repetition,binding_affinity,accuracy
0,0.6861010601337248,0.2984911434141233
