repetition,binding_affinity,accuracy
0,0.7307579103235485,0.28681720908755537
