repetition,binding_affinity,accuracy
0,0.6876663682364373,0.9504636963259353
