repetition,binding_affinity,accuracy
0,0.6353919027974905,0.5113275528143616
