repetition,binding_affinity,accuracy
0,0.6842228278493643,0.8972138009695755
