repetition,binding_affinity,accuracy
0,0.8157943154396043,0.34327086981333843
