repetition,binding_affinity,accuracy
0,0.8200549670686771,0.34327086981333843
