repetition,binding_affinity,accuracy
0,0.7987452463686199,0.5113275528143616
