repetition,binding_affinity,accuracy
0,0.8320802787470084,0.2368105065960997
