repetition,binding_affinity,accuracy
0,0.7400435818943112,0.2697867137638703
