repetition,binding_affinity,accuracy
0,0.787880493909768,0.9872768433379255
