repetition,binding_affinity,accuracy
0,0.7611499319545926,0.2368105065960997
