repetition,binding_affinity,accuracy
0,0.8008699512707168,0.5113275528143616
