repetition,binding_affinity,accuracy
0,0.8051531760070396,0.5113275528143616
