repetition,binding_affinity,accuracy
0,0.6816358581612587,0.8079407897364937
