repetition,binding_affinity,accuracy
0,0.6779965168820302,0.8079407897364937
