repetition,binding_affinity,accuracy
0,0.6320045159145163,0.5113275528143616
