repetition,binding_affinity,accuracy
0,0.6878429893642626,0.8972138009695755
