repetition,binding_affinity,accuracy
0,0.6606208314254921,0.2368105065960997
