repetition,binding_affinity,accuracy
0,0.7245084734995952,0.9504636963259353
