repetition,binding_affinity,accuracy
0,0.7229431653968827,0.2984911434141233
