repetition,binding_affinity,accuracy
0,0.8299330007376614,0.2368105065960997
