repetition,binding_affinity,accuracy
0,0.8014954401639808,0.28681720908755537
