repetition,binding_affinity,accuracy
0,0.7253229063068084,0.9872768433379255
