repetition,binding_affinity,accuracy
0,0.7942884235481877,0.9872768433379255
