repetition,binding_affinity,accuracy
0,0.6686331671495959,0.9872768433379255
