repetition,binding_affinity,accuracy
0,0.7631147615056291,0.2368105065960997
