repetition,binding_affinity,accuracy
0,0.6305031131880988,0.8079407897364937
