repetition,binding_affinity,accuracy
0,0.7322683681572604,0.5113275528143616
