repetition,binding_affinity,accuracy
0,0.7130242622191186,0.28681720908755537
