repetition,binding_affinity,accuracy
0,0.7921411455388407,0.9872768433379255
