repetition,binding_affinity,accuracy
0,0.7353988824125924,0.34327086981333843
