repetition,binding_affinity,accuracy
0,0.8015044952712751,0.8079407897364937
