repetition,binding_affinity,accuracy
0,0.7261250270786588,0.2697867137638703
