repetition,binding_affinity,accuracy
0,0.6894716730552125,0.9504636963259353
