repetition,binding_affinity,accuracy
0,0.6890879900416217,0.2697867137638703
