repetition,binding_affinity,accuracy
0,0.8179190203417013,0.34327086981333843
