repetition,binding_affinity,accuracy
0,0.8074001643304085,0.8972138009695755
