repetition,binding_affinity,accuracy
0,0.7036699675939786,0.9872768433379255
