repetition,binding_affinity,accuracy
0,0.6983618453755553,0.34327086981333843
