repetition,binding_affinity,accuracy
0,0.8052754594283116,0.8972138009695755
